Date,Nitrogen dioxide
01/01/2014,20
02/01/2014,33
03/01/2014,25
04/01/2014,32
05/01/2014,43
06/01/2014,25
07/01/2014,No data
08/01/2014,No data
09/01/2014,20
10/01/2014,51
11/01/2014,43
12/01/2014,45
13/01/2014,50
14/01/2014,49
15/01/2014,44
16/01/2014,40
17/01/2014,44
18/01/2014,23
19/01/2014,40
20/01/2014,98
21/01/2014,53
22/01/2014,42
23/01/2014,44
24/01/2014,44
25/01/2014,29
26/01/2014,27
27/01/2014,36
28/01/2014,34
29/01/2014,44
30/01/2014,52
31/01/2014,46
01/02/2014,25
02/02/2014,34
03/02/2014,25
04/02/2014,29
05/02/2014,25
06/02/2014,40
07/02/2014,30
08/02/2014,25
09/02/2014,24
10/02/2014,46
11/02/2014,33
12/02/2014,29
13/02/2014,33
14/02/2014,28
15/02/2014,18
16/02/2014,39
17/02/2014,45
18/02/2014,50
19/02/2014,49
20/02/2014,37
21/02/2014,34
22/02/2014,31
23/02/2014,26
24/02/2014,42
25/02/2014,40
26/02/2014,42
27/02/2014,39
28/02/2014,43
01/03/2014,57
02/03/2014,35
03/03/2014,53
04/03/2014,73
05/03/2014,69
06/03/2014,43
07/03/2014,47
08/03/2014,42
09/03/2014,73
10/03/2014,52
11/03/2014,42
12/03/2014,70
13/03/2014,96
14/03/2014,75
15/03/2014,34
16/03/2014,32
17/03/2014,38
18/03/2014,31
19/03/2014,40
20/03/2014,33
21/03/2014,30
22/03/2014,22
23/03/2014,24
24/03/2014,44
25/03/2014,54
26/03/2014,56
27/03/2014,70
28/03/2014,66
29/03/2014,69
30/03/2014,68
31/03/2014,64
01/04/2014,80
02/04/2014,95
03/04/2014,60
04/04/2014,49
05/04/2014,42
06/04/2014,32
07/04/2014,34
08/04/2014,27
09/04/2014,33
10/04/2014,40
11/04/2014,53
12/04/2014,33
13/04/2014,18
14/04/2014,29
15/04/2014,35
16/04/2014,45
17/04/2014,42
18/04/2014,20
19/04/2014,23
20/04/2014,33
21/04/2014,44
22/04/2014,40
23/04/2014,35
24/04/2014,40
25/04/2014,40
26/04/2014,24
27/04/2014,18
28/04/2014,35
29/04/2014,52
30/04/2014,48
01/05/2014,40
02/05/2014,27
03/05/2014,31
04/05/2014,30
05/05/2014,32
06/05/2014,19
07/05/2014,14
08/05/2014,23
09/05/2014,14
10/05/2014,14
11/05/2014,9
12/05/2014,18
13/05/2014,34
14/05/2014,39
15/05/2014,41
16/05/2014,52
17/05/2014,40
18/05/2014,33
19/05/2014,43
20/05/2014,34
21/05/2014,38
22/05/2014,20
23/05/2014,29
24/05/2014,31
25/05/2014,23
26/05/2014,35
27/05/2014,28
28/05/2014,35
29/05/2014,36
30/05/2014,35
31/05/2014,40
01/06/2014,29
02/06/2014,23
03/06/2014,No data
04/06/2014,No data
05/06/2014,No data
06/06/2014,37
07/06/2014,41
08/06/2014,21
09/06/2014,34
10/06/2014,23
11/06/2014,26
12/06/2014,43
13/06/2014,35
14/06/2014,19
15/06/2014,10
16/06/2014,15
17/06/2014,13
18/06/2014,19
19/06/2014,31
20/06/2014,30
21/06/2014,20
22/06/2014,28
23/06/2014,47
24/06/2014,28
25/06/2014,18
26/06/2014,33
27/06/2014,23
28/06/2014,23
29/06/2014,16
30/06/2014,32
01/07/2014,35
02/07/2014,39
03/07/2014,31
04/07/2014,21
05/07/2014,19
06/07/2014,19
07/07/2014,31
08/07/2014,32
09/07/2014,21
10/07/2014,24
11/07/2014,40
12/07/2014,18
13/07/2014,14
14/07/2014,21
15/07/2014,19
16/07/2014,33
17/07/2014,27
18/07/2014,30
19/07/2014,37
20/07/2014,25
21/07/2014,25
22/07/2014,22
23/07/2014,21
24/07/2014,24
25/07/2014,32
26/07/2014,30
27/07/2014,26
28/07/2014,32
29/07/2014,21
30/07/2014,29
31/07/2014,26
01/08/2014,31
02/08/2014,22
03/08/2014,25
04/08/2014,27
05/08/2014,31
06/08/2014,22
07/08/2014,35
08/08/2014,34
09/08/2014,21
10/08/2014,13
11/08/2014,22
12/08/2014,24
13/08/2014,18
14/08/2014,37
15/08/2014,33
16/08/2014,20
17/08/2014,10
18/08/2014,22
19/08/2014,27
20/08/2014,39
21/08/2014,33
22/08/2014,23
23/08/2014,29
24/08/2014,31
25/08/2014,27
26/08/2014,29
27/08/2014,26
28/08/2014,25
29/08/2014,20
30/08/2014,12
31/08/2014,22
01/09/2014,32
02/09/2014,28
03/09/2014,38
04/09/2014,41
05/09/2014,46
06/09/2014,48
07/09/2014,36
08/09/2014,47
09/09/2014,51
10/09/2014,41
11/09/2014,38
12/09/2014,33
13/09/2014,23
14/09/2014,19
15/09/2014,39
16/09/2014,53
17/09/2014,36
18/09/2014,44
19/09/2014,52
20/09/2014,25
21/09/2014,20
22/09/2014,49
23/09/2014,46
24/09/2014,31
25/09/2014,39
26/09/2014,38
27/09/2014,44
28/09/2014,46
29/09/2014,56
30/09/2014,34
01/10/2014,30
02/10/2014,41
03/10/2014,37
04/10/2014,38
05/10/2014,41
06/10/2014,No data
07/10/2014,No data
08/10/2014,41
09/10/2014,31
10/10/2014,46
11/10/2014,45
12/10/2014,36
13/10/2014,23
14/10/2014,40
15/10/2014,38
16/10/2014,46
17/10/2014,37
18/10/2014,30
19/10/2014,23
20/10/2014,25
21/10/2014,13
22/10/2014,31
23/10/2014,37
24/10/2014,38
25/10/2014,40
26/10/2014,34
27/10/2014,34
28/10/2014,40
29/10/2014,48
30/10/2014,45
31/10/2014,50
01/11/2014,29
02/11/2014,32
03/11/2014,46
04/11/2014,59
05/11/2014,54
06/11/2014,41
07/11/2014,37
08/11/2014,41
09/11/2014,51
10/11/2014,42
11/11/2014,18
12/11/2014,36
13/11/2014,29
14/11/2014,47
15/11/2014,62
16/11/2014,45
17/11/2014,48
18/11/2014,49
19/11/2014,46
20/11/2014,58
21/11/2014,44
22/11/2014,45
23/11/2014,39
24/11/2014,74
25/11/2014,64
26/11/2014,58
27/11/2014,45
28/11/2014,46
29/11/2014,52
30/11/2014,34
01/12/2014,27
02/12/2014,26
03/12/2014,32
04/12/2014,37
05/12/2014,54
06/12/2014,61
07/12/2014,32
08/12/2014,39
09/12/2014,52
10/12/2014,31
11/12/2014,20
12/12/2014,39
13/12/2014,61
14/12/2014,46
15/12/2014,50
16/12/2014,62
17/12/2014,31
18/12/2014,19
19/12/2014,29
20/12/2014,28
21/12/2014,23
22/12/2014,17
23/12/2014,20
24/12/2014,19
25/12/2014,27
26/12/2014,45
27/12/2014,22
28/12/2014,40
29/12/2014,60
30/12/2014,72
31/12/2014,64
01/01/2015,23
02/01/2015,31
03/01/2015,48
04/01/2015,58
05/01/2015,53
06/01/2015,43
07/01/2015,45
08/01/2015,40
09/01/2015,13
10/01/2015,12
11/01/2015,18
12/01/2015,30
13/01/2015,31
14/01/2015,25
15/01/2015,26
16/01/2015,46
17/01/2015,57
18/01/2015,50
19/01/2015,60
20/01/2015,85
21/01/2015,40
22/01/2015,62
23/01/2015,67
24/01/2015,38
25/01/2015,49
26/01/2015,36
27/01/2015,44
28/01/2015,19
29/01/2015,25
30/01/2015,No data
31/01/2015,No data
01/02/2015,No data
02/02/2015,No data
03/02/2015,No data
04/02/2015,No data
05/02/2015,No data
06/02/2015,No data
07/02/2015,30
08/02/2015,50
09/02/2015,50
10/02/2015,51
11/02/2015,42
12/02/2015,62
13/02/2015,44
14/02/2015,51
15/02/2015,56
16/02/2015,56
17/02/2015,47
18/02/2015,50
19/02/2015,41
20/02/2015,53
21/02/2015,44
22/02/2015,41
23/02/2015,29
24/02/2015,27
25/02/2015,48
26/02/2015,41
27/02/2015,42
28/02/2015,27
01/03/2015,12
02/03/2015,15
03/03/2015,21
04/03/2015,38
05/03/2015,40
06/03/2015,39
07/03/2015,33
08/03/2015,30
09/03/2015,47
10/03/2015,51
11/03/2015,42
12/03/2015,44
13/03/2015,45
14/03/2015,19
15/03/2015,23
16/03/2015,41
17/03/2015,51
18/03/2015,31
19/03/2015,24
20/03/2015,47
21/03/2015,25
22/03/2015,25
23/03/2015,35
24/03/2015,48
25/03/2015,54
26/03/2015,31
27/03/2015,39
28/03/2015,25
29/03/2015,16
30/03/2015,19
31/03/2015,10
01/04/2015,16
02/04/2015,29
03/04/2015,44
04/04/2015,29
05/04/2015,40
06/04/2015,31
07/04/2015,50
08/04/2015,57
09/04/2015,60
10/04/2015,66
11/04/2015,23
12/04/2015,25
13/04/2015,35
14/04/2015,34
15/04/2015,47
16/04/2015,36
17/04/2015,25
18/04/2015,16
19/04/2015,18
20/04/2015,44
21/04/2015,37
22/04/2015,36
23/04/2015,46
24/04/2015,41
25/04/2015,25
26/04/2015,22
27/04/2015,19
28/04/2015,18
29/04/2015,26
30/04/2015,28
01/05/2015,26
02/05/2015,33
03/05/2015,21
04/05/2015,19
05/05/2015,18
06/05/2015,17
07/05/2015,24
08/05/2015,39
09/05/2015,17
10/05/2015,29
11/05/2015,31
12/05/2015,16
13/05/2015,35
14/05/2015,33
15/05/2015,21
16/05/2015,17
17/05/2015,17
18/05/2015,18
19/05/2015,14
20/05/2015,32
21/05/2015,30
22/05/2015,29
23/05/2015,18
24/05/2015,15
25/05/2015,18
26/05/2015,26
27/05/2015,26
28/05/2015,12
29/05/2015,26
30/05/2015,14
31/05/2015,18
01/06/2015,20
02/06/2015,20
03/06/2015,22
04/06/2015,40
05/06/2015,38
06/06/2015,12
07/06/2015,21
08/06/2015,21
09/06/2015,13
10/06/2015,15
11/06/2015,25
12/06/2015,43
13/06/2015,23
14/06/2015,15
15/06/2015,20
16/06/2015,34
17/06/2015,12
18/06/2015,14
19/06/2015,22
20/06/2015,25
21/06/2015,9
22/06/2015,15
23/06/2015,24
24/06/2015,28
25/06/2015,27
26/06/2015,27
27/06/2015,13
28/06/2015,21
29/06/2015,22
30/06/2015,27
01/07/2015,39
02/07/2015,No data
03/07/2015,No data
04/07/2015,27
05/07/2015,29
06/07/2015,22
07/07/2015,21
08/07/2015,17
09/07/2015,26
10/07/2015,40
11/07/2015,30
12/07/2015,22
13/07/2015,25
14/07/2015,20
15/07/2015,24
16/07/2015,29
17/07/2015,27
18/07/2015,20
19/07/2015,25
20/07/2015,30
21/07/2015,21
22/07/2015,25
23/07/2015,28
24/07/2015,44
25/07/2015,17
26/07/2015,25
27/07/2015,12
28/07/2015,12
29/07/2015,20
30/07/2015,30
31/07/2015,42
01/08/2015,31
02/08/2015,23
03/08/2015,27
04/08/2015,21
05/08/2015,34
06/08/2015,30
07/08/2015,47
08/08/2015,31
09/08/2015,24
10/08/2015,19
11/08/2015,38
12/08/2015,22
13/08/2015,23
14/08/2015,28
15/08/2015,25
16/08/2015,27
17/08/2015,33
18/08/2015,36
19/08/2015,32
20/08/2015,19
21/08/2015,18
22/08/2015,24
23/08/2015,26
24/08/2015,32
25/08/2015,24
26/08/2015,24
27/08/2015,28
28/08/2015,28
29/08/2015,33
30/08/2015,No data
31/08/2015,
01/09/2015,No data
02/09/2015,33
03/09/2015,32
04/09/2015,36
05/09/2015,32
06/09/2015,31
07/09/2015,32
08/09/2015,31
09/09/2015,38
10/09/2015,41
11/09/2015,40
12/09/2015,26
13/09/2015,31
14/09/2015,28
15/09/2015,30
16/09/2015,37
17/09/2015,33
18/09/2015,38
19/09/2015,40
20/09/2015,37
21/09/2015,37
22/09/2015,41
23/09/2015,33
24/09/2015,20
25/09/2015,41
26/09/2015,44
27/09/2015,36
28/09/2015,37
29/09/2015,37
30/09/2015,34
01/10/2015,No data
02/10/2015,46
03/10/2015,47
04/10/2015,39
05/10/2015,27
06/10/2015,30
07/10/2015,21
08/10/2015,47
09/10/2015,59
10/10/2015,35
11/10/2015,23
12/10/2015,33
13/10/2015,26
14/10/2015,23
15/10/2015,22
16/10/2015,14
17/10/2015,12
18/10/2015,12
19/10/2015,29
20/10/2015,47
21/10/2015,40
22/10/2015,35
23/10/2015,46
24/10/2015,35
25/10/2015,43
26/10/2015,25
27/10/2015,31
28/10/2015,39
29/10/2015,32
30/10/2015,32
31/10/2015,32
01/11/2015,57
02/11/2015,47
03/11/2015,35
04/11/2015,47
05/11/2015,37
06/11/2015,36
07/11/2015,31
08/11/2015,36
09/11/2015,27
10/11/2015,31
11/11/2015,36
12/11/2015,38
13/11/2015,23
14/11/2015,33
15/11/2015,17
16/11/2015,29
17/11/2015,21
18/11/2015,24
19/11/2015,33
20/11/2015,31
21/11/2015,23
22/11/2015,52
23/11/2015,60
24/11/2015,39
25/11/2015,51
26/11/2015,52
27/11/2015,36
28/11/2015,27
29/11/2015,13
30/11/2015,22
01/12/2015,26
02/12/2015,35
03/12/2015,33
04/12/2015,36
05/12/2015,21
06/12/2015,33
07/12/2015,39
08/12/2015,38
09/12/2015,47
10/12/2015,37
11/12/2015,40
12/12/2015,36
13/12/2015,45
14/12/2015,40
15/12/2015,37
16/12/2015,34
17/12/2015,42
18/12/2015,42
19/12/2015,30
20/12/2015,37
21/12/2015,38
22/12/2015,22
23/12/2015,35
24/12/2015,23
25/12/2015,32
26/12/2015,18
27/12/2015,32
28/12/2015,29
29/12/2015,41
30/12/2015,29
31/12/2015,25
01/01/2016,32
02/01/2016,17
03/01/2016,41
04/01/2016,52
05/01/2016,59
06/01/2016,57
07/01/2016,32
08/01/2016,62
09/01/2016,41
10/01/2016,45
11/01/2016,46
12/01/2016,22
13/01/2016,41
14/01/2016,26
15/01/2016,44
16/01/2016,56
17/01/2016,42
18/01/2016,44
19/01/2016,115
20/01/2016,111
21/01/2016,66
22/01/2016,46
23/01/2016,49
24/01/2016,31
25/01/2016,31
26/01/2016,27
27/01/2016,21
28/01/2016,41
29/01/2016,24
30/01/2016,18
31/01/2016,23
01/02/2016,15
02/02/2016,16
03/02/2016,33
04/02/2016,No data
05/02/2016,No data
06/02/2016,No data
07/02/2016,No data
08/02/2016,No data
09/02/2016,No data
10/02/2016,No data
11/02/2016,No data
12/02/2016,No data
13/02/2016,No data
14/02/2016,No data
15/02/2016,No data
16/02/2016,No data
17/02/2016,No data
18/02/2016,No data
19/02/2016,No data
20/02/2016,No data
21/02/2016,No data
22/02/2016,No data
23/02/2016,No data
24/02/2016,No data
25/02/2016,No data
26/02/2016,No data
27/02/2016,38
28/02/2016,20
29/02/2016,49
01/03/2016,22
02/03/2016,21
03/03/2016,31
04/03/2016,37
05/03/2016,42
06/03/2016,38
07/03/2016,46
08/03/2016,60
09/03/2016,30
10/03/2016,46
11/03/2016,75
12/03/2016,67
13/03/2016,42
14/03/2016,34
15/03/2016,35
16/03/2016,27
17/03/2016,41
18/03/2016,33
19/03/2016,19
20/03/2016,26
21/03/2016,48
22/03/2016,58
23/03/2016,57
24/03/2016,44
25/03/2016,28
26/03/2016,25
27/03/2016,23
28/03/2016,17
29/03/2016,28
30/03/2016,38
31/03/2016,48
01/04/2016,48
02/04/2016,31
03/04/2016,28
04/04/2016,35
05/04/2016,29
06/04/2016,21
07/04/2016,28
08/04/2016,44
09/04/2016,32
10/04/2016,33
11/04/2016,56
12/04/2016,46
13/04/2016,63
14/04/2016,47
15/04/2016,47
16/04/2016,32
17/04/2016,41
18/04/2016,33
19/04/2016,33
20/04/2016,40
21/04/2016,38
22/04/2016,35
23/04/2016,30
24/04/2016,26
25/04/2016,26
26/04/2016,30
27/04/2016,31
28/04/2016,33
29/04/2016,29
30/04/2016,40
01/05/2016,31
02/05/2016,18
03/05/2016,31
04/05/2016,45
05/05/2016,48
06/05/2016,66
07/05/2016,49
08/05/2016,42
09/05/2016,59
10/05/2016,54
11/05/2016,43
12/05/2016,23
13/05/2016,14
14/05/2016,22
15/05/2016,35
16/05/2016,33
17/05/2016,31
18/05/2016,29
19/05/2016,28
20/05/2016,18
21/05/2016,23
22/05/2016,25
23/05/2016,No data
24/05/2016,No data
25/05/2016,23
26/05/2016,33
27/05/2016,37
28/05/2016,25
29/05/2016,13
30/05/2016,11
31/05/2016,16
01/06/2016,14
02/06/2016,11
03/06/2016,21
04/06/2016,23
05/06/2016,22
06/06/2016,43
07/06/2016,65
08/06/2016,49
09/06/2016,42
10/06/2016,39
11/06/2016,31
12/06/2016,22
13/06/2016,20
14/06/2016,23
15/06/2016,24
16/06/2016,32
17/06/2016,28
18/06/2016,29
19/06/2016,22
20/06/2016,17
21/06/2016,17
22/06/2016,22
23/06/2016,33
24/06/2016,21
25/06/2016,15
26/06/2016,15
27/06/2016,20
28/06/2016,32
29/06/2016,25
30/06/2016,23
01/07/2016,21
02/07/2016,11
03/07/2016,19
04/07/2016,24
05/07/2016,20
06/07/2016,27
07/07/2016,26
08/07/2016,18
09/07/2016,21
10/07/2016,17
11/07/2016,23
12/07/2016,23
13/07/2016,30
14/07/2016,35
15/07/2016,26
16/07/2016,9
17/07/2016,12
18/07/2016,44
19/07/2016,45
20/07/2016,30
21/07/2016,25
22/07/2016,42
23/07/2016,28
24/07/2016,16
25/07/2016,11
26/07/2016,20
27/07/2016,21
28/07/2016,26
29/07/2016,18
30/07/2016,23
31/07/2016,18
01/08/2016,27
02/08/2016,20
03/08/2016,16
04/08/2016,13
05/08/2016,16
06/08/2016,18
07/08/2016,8
08/08/2016,16
09/08/2016,21
10/08/2016,22
11/08/2016,15
12/08/2016,14
13/08/2016,12
14/08/2016,18
15/08/2016,27
16/08/2016,30
17/08/2016,33
18/08/2016,32
19/08/2016,27
20/08/2016,18
21/08/2016,11
22/08/2016,24
23/08/2016,32
24/08/2016,49
25/08/2016,45
26/08/2016,31
27/08/2016,36
28/08/2016,22
29/08/2016,26
30/08/2016,42
31/08/2016,28
01/09/2016,29
02/09/2016,26
03/09/2016,24
04/09/2016,11
05/09/2016,25
06/09/2016,22
07/09/2016,35
08/09/2016,31
09/09/2016,23
10/09/2016,21
11/09/2016,31
12/09/2016,35
13/09/2016,62
14/09/2016,48
15/09/2016,45
16/09/2016,25
17/09/2016,13
18/09/2016,22
19/09/2016,38
20/09/2016,33
21/09/2016,45
22/09/2016,35
23/09/2016,37
24/09/2016,43
25/09/2016,26
26/09/2016,39
27/09/2016,33
28/09/2016,21
29/09/2016,13
30/09/2016,32
01/10/2016,35
02/10/2016,26
03/10/2016,48
04/10/2016,34
05/10/2016,24
06/10/2016,32
07/10/2016,42
08/10/2016,20
09/10/2016,18
10/10/2016,29
11/10/2016,41
12/10/2016,29
13/10/2016,33
14/10/2016,No data
15/10/2016,No data
16/10/2016,No data
17/10/2016,No data
18/10/2016,18
19/10/2016,30
20/10/2016,27
21/10/2016,23
22/10/2016,28
23/10/2016,24
24/10/2016,41
25/10/2016,57
26/10/2016,35
27/10/2016,31
28/10/2016,34
29/10/2016,33
30/10/2016,30
31/10/2016,57
01/11/2016,25
02/11/2016,41
03/11/2016,42
04/11/2016,40
05/11/2016,22
06/11/2016,19
07/11/2016,30
08/11/2016,48
09/11/2016,39
10/11/2016,40
11/11/2016,51
12/11/2016,42
13/11/2016,41
14/11/2016,40
15/11/2016,25
16/11/2016,No data
17/11/2016,
18/11/2016,
19/11/2016,
20/11/2016,
21/11/2016,
22/11/2016,
23/11/2016,No data
24/11/2016,20
25/11/2016,29
26/11/2016,37
27/11/2016,28
28/11/2016,44
29/11/2016,88
30/11/2016,92
01/12/2016,84
02/12/2016,70
03/12/2016,51
04/12/2016,63
05/12/2016,91
06/12/2016,70
07/12/2016,49
08/12/2016,45
09/12/2016,39
10/12/2016,37
11/12/2016,38
12/12/2016,52
13/12/2016,51
14/12/2016,55
15/12/2016,45
16/12/2016,48
17/12/2016,53
18/12/2016,41
19/12/2016,49
20/12/2016,46
21/12/2016,45
22/12/2016,66
23/12/2016,36
24/12/2016,24
25/12/2016,16
26/12/2016,25
27/12/2016,73
28/12/2016,101
29/12/2016,91
30/12/2016,54
31/12/2016,44
01/01/2017,24
02/01/2017,35
03/01/2017,45
04/01/2017,44
05/01/2017,96
06/01/2017,90
07/01/2017,43
08/01/2017,48
09/01/2017,39
10/01/2017,39
11/01/2017,26
12/01/2017,35
13/01/2017,25
14/01/2017,44
15/01/2017,47
16/01/2017,47
17/01/2017,68
18/01/2017,100
19/01/2017,77
20/01/2017,71
21/01/2017,67
22/01/2017,94
23/01/2017,86
24/01/2017,96
25/01/2017,65
26/01/2017,39
27/01/2017,58
28/01/2017,41
29/01/2017,45
30/01/2017,43
31/01/2017,34
01/02/2017,38
02/02/2017,27
03/02/2017,24
04/02/2017,53
05/02/2017,39
06/02/2017,52
07/02/2017,54
08/02/2017,39
09/02/2017,34
10/02/2017,26
11/02/2017,23
12/02/2017,33
13/02/2017,31
14/02/2017,42
15/02/2017,56
16/02/2017,42
17/02/2017,49
18/02/2017,39
19/02/2017,35
20/02/2017,24
21/02/2017,22
22/02/2017,16
23/02/2017,11
24/02/2017,48
25/02/2017,34
26/02/2017,24
27/02/2017,35
28/02/2017,28
01/03/2017,33
02/03/2017,28
03/03/2017,42
04/03/2017,33
05/03/2017,19
06/03/2017,38
07/03/2017,33
08/03/2017,32
09/03/2017,38
10/03/2017,44
11/03/2017,40
12/03/2017,48
13/03/2017,39
14/03/2017,27
15/03/2017,47
16/03/2017,37
17/03/2017,22
18/03/2017,10
19/03/2017,10
20/03/2017,25
21/03/2017,24
22/03/2017,39
23/03/2017,30
24/03/2017,27
25/03/2017,21
26/03/2017,21
27/03/2017,46
28/03/2017,47
29/03/2017,35
30/03/2017,45
31/03/2017,49
01/04/2017,35
02/04/2017,39
03/04/2017,44
04/04/2017,32
05/04/2017,27
06/04/2017,45
07/04/2017,47
08/04/2017,54
09/04/2017,43
10/04/2017,29
11/04/2017,25
12/04/2017,19
13/04/2017,35
14/04/2017,19
15/04/2017,17
16/04/2017,13
17/04/2017,18
18/04/2017,20
19/04/2017,35
20/04/2017,30
21/04/2017,38
22/04/2017,24
23/04/2017,21
24/04/2017,27
25/04/2017,23
26/04/2017,24
27/04/2017,35
28/04/2017,41
29/04/2017,33
30/04/2017,15
01/05/2017,17
02/05/2017,No data
03/05/2017,19
04/05/2017,19
05/05/2017,18
06/05/2017,17
07/05/2017,14
08/05/2017,15
09/05/2017,23
10/05/2017,40
11/05/2017,53
12/05/2017,32
13/05/2017,25
14/05/2017,23
15/05/2017,31
16/05/2017,22
17/05/2017,39
18/05/2017,33
19/05/2017,29
20/05/2017,26
21/05/2017,18
22/05/2017,30
23/05/2017,21
24/05/2017,28
25/05/2017,32
26/05/2017,36
27/05/2017,31
28/05/2017,32
29/05/2017,30
30/05/2017,12
31/05/2017,30
01/06/2017,26
02/06/2017,40
03/06/2017,9
04/06/2017,15
05/06/2017,18
06/06/2017,5
07/06/2017,9
08/06/2017,18
09/06/2017,15
10/06/2017,16
11/06/2017,10
12/06/2017,10
13/06/2017,25
14/06/2017,29
15/06/2017,21
16/06/2017,15
17/06/2017,23
18/06/2017,31
19/06/2017,42
20/06/2017,46
21/06/2017,29
22/06/2017,13
23/06/2017,11
24/06/2017,11
25/06/2017,8
26/06/2017,24
27/06/2017,36
28/06/2017,17
29/06/2017,22
30/06/2017,21
01/07/2017,11
02/07/2017,12
03/07/2017,13
04/07/2017,24
05/07/2017,27
06/07/2017,24
07/07/2017,16
08/07/2017,13
09/07/2017,24
10/07/2017,13
11/07/2017,20
12/07/2017,11
13/07/2017,22
14/07/2017,16
15/07/2017,16
16/07/2017,8
17/07/2017,16
18/07/2017,29
19/07/2017,28
20/07/2017,13
21/07/2017,17
22/07/2017,24
23/07/2017,14
24/07/2017,20
25/07/2017,22
26/07/2017,19
27/07/2017,17
28/07/2017,17
29/07/2017,20
30/07/2017,14
31/07/2017,19
01/08/2017,21
02/08/2017,24
03/08/2017,16
04/08/2017,12
05/08/2017,15
06/08/2017,15
07/08/2017,16
08/08/2017,15
09/08/2017,12
10/08/2017,10
11/08/2017,10
12/08/2017,6
13/08/2017,11
14/08/2017,15
15/08/2017,24
16/08/2017,31
17/08/2017,20
18/08/2017,21
19/08/2017,10
20/08/2017,18
21/08/2017,26
22/08/2017,29
23/08/2017,26
24/08/2017,25
25/08/2017,46
26/08/2017,43
27/08/2017,32
28/08/2017,38
29/08/2017,32
30/08/2017,32
31/08/2017,40
01/09/2017,36
02/09/2017,36
03/09/2017,25
04/09/2017,26
05/09/2017,24
06/09/2017,22
07/09/2017,27
08/09/2017,30
09/09/2017,25
10/09/2017,29
11/09/2017,16
12/09/2017,17
13/09/2017,12
14/09/2017,27
15/09/2017,36
16/09/2017,35
17/09/2017,27
18/09/2017,36
19/09/2017,42
20/09/2017,43
21/09/2017,34
22/09/2017,44
23/09/2017,38
24/09/2017,34
25/09/2017,62
26/09/2017,49
27/09/2017,42
28/09/2017,31
29/09/2017,35
30/09/2017,33
01/10/2017,24
02/10/2017,13
03/10/2017,34
04/10/2017,24
05/10/2017,20
06/10/2017,32
07/10/2017,17
08/10/2017,31
09/10/2017,36
10/10/2017,29
11/10/2017,21
12/10/2017,33
13/10/2017,28
14/10/2017,28
15/10/2017,40
16/10/2017,32
17/10/2017,44
18/10/2017,48
19/10/2017,36
20/10/2017,26
21/10/2017,19
22/10/2017,14
23/10/2017,38
24/10/2017,27
25/10/2017,32
26/10/2017,45
27/10/2017,41
28/10/2017,23
29/10/2017,22
30/10/2017,52
31/10/2017,49
01/11/2017,55
02/11/2017,55
03/11/2017,66
04/11/2017,33
05/11/2017,30
06/11/2017,55
07/11/2017,38
08/11/2017,47
09/11/2017,49
10/11/2017,27
11/11/2017,41
12/11/2017,18
13/11/2017,40
14/11/2017,35
15/11/2017,43
16/11/2017,41
17/11/2017,64
18/11/2017,37
19/11/2017,48
20/11/2017,33
21/11/2017,29
22/11/2017,23
23/11/2017,21
24/11/2017,63
25/11/2017,34
26/11/2017,28
27/11/2017,19
28/11/2017,37
29/11/2017,30
30/11/2017,32
01/12/2017,25
02/12/2017,44
03/12/2017,33
04/12/2017,48
05/12/2017,39
06/12/2017,38
07/12/2017,24
08/12/2017,23
09/12/2017,40
10/12/2017,40
11/12/2017,33
12/12/2017,60
13/12/2017,34
14/12/2017,30
15/12/2017,31
16/12/2017,42
17/12/2017,44
18/12/2017,66
19/12/2017,60
20/12/2017,42
21/12/2017,27
22/12/2017,39
23/12/2017,16
24/12/2017,22
25/12/2017,15
26/12/2017,23
27/12/2017,19
28/12/2017,41
29/12/2017,36
30/12/2017,19
31/12/2017,23
01/01/2018,23
02/01/2018,42
03/01/2018,11
04/01/2018,28
05/01/2018,45
06/01/2018,37
07/01/2018,15
08/01/2018,33
09/01/2018,37
10/01/2018,51
11/01/2018,43
12/01/2018,42
13/01/2018,22
14/01/2018,40
15/01/2018,26
16/01/2018,15
17/01/2018,22
18/01/2018,20
19/01/2018,37
20/01/2018,49
21/01/2018,41
22/01/2018,41
23/01/2018,31
24/01/2018,27
25/01/2018,44
26/01/2018,57
27/01/2018,38
28/01/2018,11
29/01/2018,36
30/01/2018,61
31/01/2018,19
01/02/2018,23
02/02/2018,34
03/02/2018,47
04/02/2018,13
05/02/2018,29
06/02/2018,36
07/02/2018,50
08/02/2018,52
09/02/2018,27
10/02/2018,43
11/02/2018,13
12/02/2018,41
13/02/2018,35
14/02/2018,45
15/02/2018,25
16/02/2018,50
17/02/2018,59
18/02/2018,46
19/02/2018,37
20/02/2018,20
21/02/2018,35
22/02/2018,42
23/02/2018,42
24/02/2018,38
25/02/2018,23
26/02/2018,24
27/02/2018,44
28/02/2018,34
01/03/2018,29
02/03/2018,41
03/03/2018,52
04/03/2018,46
05/03/2018,30
06/03/2018,43
07/03/2018,50
08/03/2018,33
09/03/2018,45
10/03/2018,43
11/03/2018,51
12/03/2018,38
13/03/2018,39
14/03/2018,22
15/03/2018,32
16/03/2018,42
17/03/2018,14
18/03/2018,16
19/03/2018,16
20/03/2018,26
21/03/2018,38
22/03/2018,24
23/03/2018,28
24/03/2018,32
25/03/2018,33
26/03/2018,44
27/03/2018,29
28/03/2018,37
29/03/2018,43
30/03/2018,36
31/03/2018,20
01/04/2018,20
02/04/2018,38
03/04/2018,33
04/04/2018,25
05/04/2018,20
06/04/2018,37
07/04/2018,47
08/04/2018,32
09/04/2018,45
10/04/2018,44
11/04/2018,27
12/04/2018,No data
13/04/2018,34
14/04/2018,37
15/04/2018,34
16/04/2018,31
17/04/2018,29
18/04/2018,34
19/04/2018,62
20/04/2018,38
21/04/2018,42
22/04/2018,21
23/04/2018,17
24/04/2018,20
25/04/2018,11
26/04/2018,21
27/04/2018,37
28/04/2018,19
29/04/2018,7
30/04/2018,23
01/05/2018,28
02/05/2018,27
03/05/2018,32
04/05/2018,35
05/05/2018,45
06/05/2018,44
07/05/2018,49
08/05/2018,41
09/05/2018,22
10/05/2018,24
11/05/2018,30
12/05/2018,30
13/05/2018,No data
14/05/2018,No data
15/05/2018,No data
16/05/2018,No data
17/05/2018,No data
18/05/2018,No data
19/05/2018,
20/05/2018,
21/05/2018,
22/05/2018,No data
23/05/2018,No data
24/05/2018,21
25/05/2018,34
26/05/2018,15
27/05/2018,23
28/05/2018,16
29/05/2018,13
30/05/2018,34
31/05/2018,33
01/06/2018,25
02/06/2018,11
03/06/2018,26
04/06/2018,15
05/06/2018,10
06/06/2018,11
07/06/2018,17
08/06/2018,13
09/06/2018,14
10/06/2018,14
11/06/2018,22
12/06/2018,17
13/06/2018,26
14/06/2018,14
15/06/2018,19
16/06/2018,16
17/06/2018,13
18/06/2018,11
19/06/2018,11
20/06/2018,11
21/06/2018,13
22/06/2018,19
23/06/2018,19
24/06/2018,22
25/06/2018,36
26/06/2018,39
27/06/2018,23
28/06/2018,16
29/06/2018,12
30/06/2018,13
01/07/2018,21
02/07/2018,20
03/07/2018,18
04/07/2018,28
05/07/2018,38
06/07/2018,36
07/07/2018,35
08/07/2018,21
09/07/2018,29
10/07/2018,12
11/07/2018,13
12/07/2018,22
13/07/2018,28
14/07/2018,31
15/07/2018,30
16/07/2018,26
17/07/2018,16
18/07/2018,31
19/07/2018,34
20/07/2018,33
21/07/2018,22
22/07/2018,27
23/07/2018,32
24/07/2018,26
25/07/2018,32
26/07/2018,40
27/07/2018,35
28/07/2018,18
29/07/2018,21
30/07/2018,18
31/07/2018,17
01/08/2018,22
02/08/2018,25
03/08/2018,31
04/08/2018,14
05/08/2018,22
06/08/2018,41
07/08/2018,34
08/08/2018,15
09/08/2018,33
10/08/2018,25
11/08/2018,30
12/08/2018,24
13/08/2018,19
14/08/2018,18
15/08/2018,18
16/08/2018,20
17/08/2018,18
18/08/2018,18
19/08/2018,12
20/08/2018,17
21/08/2018,25
22/08/2018,20
23/08/2018,13
24/08/2018,14
25/08/2018,21
26/08/2018,No data
27/08/2018,
28/08/2018,
29/08/2018,
30/08/2018,
31/08/2018,
01/09/2018,
02/09/2018,
03/09/2018,
04/09/2018,
05/09/2018,No data
06/09/2018,27
07/09/2018,24
08/09/2018,32
09/09/2018,20
10/09/2018,23
11/09/2018,22
12/09/2018,29
13/09/2018,34
14/09/2018,26
15/09/2018,25
16/09/2018,31
17/09/2018,32
18/09/2018,22
19/09/2018,20
20/09/2018,20
21/09/2018,12
22/09/2018,22
23/09/2018,19
24/09/2018,40
25/09/2018,47
26/09/2018,54
27/09/2018,53
28/09/2018,21
29/09/2018,48
30/09/2018,30
01/10/2018,24
02/10/2018,16
03/10/2018,31
04/10/2018,25
05/10/2018,45
06/10/2018,19
07/10/2018,26
08/10/2018,39
09/10/2018,46
10/10/2018,55
11/10/2018,36
12/10/2018,24
13/10/2018,32
14/10/2018,13
15/10/2018,29
16/10/2018,33
17/10/2018,43
18/10/2018,33
19/10/2018,51
20/10/2018,48
21/10/2018,29
22/10/2018,36
23/10/2018,30
24/10/2018,34
25/10/2018,30
26/10/2018,28
27/10/2018,13
28/10/2018,8
29/10/2018,16
30/10/2018,27
31/10/2018,32
01/11/2018,48
02/11/2018,49
03/11/2018,42
04/11/2018,37
05/11/2018,47
06/11/2018,35
07/11/2018,29
08/11/2018,35
09/11/2018,25
10/11/2018,39
11/11/2018,43
12/11/2018,47
13/11/2018,40
14/11/2018,40
15/11/2018,36
16/11/2018,34
17/11/2018,41
18/11/2018,27
19/11/2018,17
20/11/2018,28
21/11/2018,37
22/11/2018,54
23/11/2018,51
24/11/2018,42
25/11/2018,26
26/11/2018,31
27/11/2018,32
28/11/2018,38
29/11/2018,29
30/11/2018,42
01/12/2018,39
02/12/2018,23
03/12/2018,31
04/12/2018,51
05/12/2018,38
06/12/2018,37
07/12/2018,14
08/12/2018,9
09/12/2018,16
10/12/2018,38
11/12/2018,58
12/12/2018,36
13/12/2018,41
14/12/2018,57
15/12/2018,29
16/12/2018,51
17/12/2018,49
18/12/2018,27
19/12/2018,47
20/12/2018,43
21/12/2018,21
22/12/2018,26
23/12/2018,29
24/12/2018,52
25/12/2018,52
26/12/2018,43
27/12/2018,50
28/12/2018,37
29/12/2018,24
30/12/2018,24
31/12/2018,17
01/01/2019,17
02/01/2019,33
03/01/2019,36
04/01/2019,50
05/01/2019,38
06/01/2019,39
07/01/2019,25
08/01/2019,31
09/01/2019,31
10/01/2019,53
11/01/2019,46
12/01/2019,17
13/01/2019,13
14/01/2019,34
15/01/2019,41
16/01/2019,35
17/01/2019,43
18/01/2019,51
19/01/2019,22
20/01/2019,52
21/01/2019,59
22/01/2019,48
23/01/2019,53
24/01/2019,67
25/01/2019,42
26/01/2019,28
27/01/2019,9
28/01/2019,41
29/01/2019,61
30/01/2019,53
31/01/2019,58
01/02/2019,29
02/02/2019,25
03/02/2019,42
04/02/2019,42
05/02/2019,46
06/02/2019,No data
07/02/2019,
08/02/2019,No data
09/02/2019,22
10/02/2019,24
11/02/2019,48
12/02/2019,53
13/02/2019,48
14/02/2019,65
15/02/2019,69
16/02/2019,58
17/02/2019,48
18/02/2019,49
19/02/2019,41
20/02/2019,37
21/02/2019,41
22/02/2019,48
23/02/2019,54
24/02/2019,67
25/02/2019,86
26/02/2019,93
27/02/2019,91
28/02/2019,43
01/03/2019,44
02/03/2019,26
03/03/2019,26
04/03/2019,18
05/03/2019,33
06/03/2019,29
07/03/2019,12
08/03/2019,30
09/03/2019,20
10/03/2019,13
11/03/2019,20
12/03/2019,20
13/03/2019,10
14/03/2019,17
15/03/2019,12
16/03/2019,17
17/03/2019,12
18/03/2019,36
19/03/2019,40
20/03/2019,26
21/03/2019,27
22/03/2019,33
23/03/2019,29
24/03/2019,35
25/03/2019,30
26/03/2019,49
27/03/2019,49
28/03/2019,58
29/03/2019,57
30/03/2019,49
31/03/2019,17
01/04/2019,32
02/04/2019,42
03/04/2019,42
04/04/2019,26
05/04/2019,24
06/04/2019,25
07/04/2019,18
08/04/2019,38
09/04/2019,34
10/04/2019,18
11/04/2019,26
12/04/2019,31
13/04/2019,26
14/04/2019,22
15/04/2019,32
16/04/2019,51
17/04/2019,41
18/04/2019,44
19/04/2019,38
20/04/2019,35
21/04/2019,36
22/04/2019,46
23/04/2019,61
24/04/2019,39
25/04/2019,27
26/04/2019,31
27/04/2019,8
28/04/2019,15
29/04/2019,32
30/04/2019,34
01/05/2019,35
02/05/2019,26
03/05/2019,26
04/05/2019,12
05/05/2019,22
06/05/2019,18
07/05/2019,25
08/05/2019,33
09/05/2019,32
10/05/2019,33
11/05/2019,25
12/05/2019,19
13/05/2019,31
14/05/2019,24
15/05/2019,30
16/05/2019,24
17/05/2019,21
18/05/2019,31
19/05/2019,26
20/05/2019,29
21/05/2019,23
22/05/2019,32
23/05/2019,31
24/05/2019,24
25/05/2019,13
26/05/2019,11
27/05/2019,10
28/05/2019,22
29/05/2019,31
30/05/2019,12
31/05/2019,20
01/06/2019,30
02/06/2019,26
03/06/2019,17
04/06/2019,28
05/06/2019,18
06/06/2019,19
07/06/2019,27
08/06/2019,11
09/06/2019,19
10/06/2019,21
11/06/2019,12
12/06/2019,23
13/06/2019,27
14/06/2019,22
15/06/2019,23
16/06/2019,22
17/06/2019,19
18/06/2019,34
19/06/2019,23
20/06/2019,15
21/06/2019,16
22/06/2019,19
23/06/2019,27
24/06/2019,39
25/06/2019,25
26/06/2019,10
27/06/2019,11
28/06/2019,18
29/06/2019,32
30/06/2019,7
01/07/2019,10
02/07/2019,19
03/07/2019,21
04/07/2019,34
05/07/2019,23
06/07/2019,17
07/07/2019,16
08/07/2019,26
09/07/2019,24
10/07/2019,28
11/07/2019,18
12/07/2019,13
13/07/2019,11
14/07/2019,11
15/07/2019,17
16/07/2019,26
17/07/2019,25
18/07/2019,15
19/07/2019,28
20/07/2019,12
21/07/2019,17
22/07/2019,18
23/07/2019,25
24/07/2019,33
25/07/2019,39
26/07/2019,22
27/07/2019,19
28/07/2019,10
29/07/2019,17
30/07/2019,20
31/07/2019,13
01/08/2019,16
02/08/2019,15
03/08/2019,24
04/08/2019,27
05/08/2019,18
06/08/2019,18
07/08/2019,15
08/08/2019,17
09/08/2019,19
10/08/2019,15
11/08/2019,20
12/08/2019,27
13/08/2019,15
14/08/2019,30
15/08/2019,14
16/08/2019,23
17/08/2019,17
18/08/2019,18
19/08/2019,15
20/08/2019,20
21/08/2019,32
22/08/2019,26
23/08/2019,33
24/08/2019,40
25/08/2019,57
26/08/2019,57
27/08/2019,54
28/08/2019,18
29/08/2019,19
30/08/2019,23
31/08/2019,20
01/09/2019,17
02/09/2019,22
03/09/2019,16
04/09/2019,No data
05/09/2019,20
06/09/2019,27
07/09/2019,19
08/09/2019,32
09/09/2019,33
10/09/2019,29
11/09/2019,19
12/09/2019,24
13/09/2019,20
14/09/2019,48
15/09/2019,33
16/09/2019,21
17/09/2019,23
18/09/2019,33
19/09/2019,38
20/09/2019,38
21/09/2019,42
22/09/2019,43
23/09/2019,28
24/09/2019,27
25/09/2019,23
26/09/2019,27
27/09/2019,20
28/09/2019,22
29/09/2019,17
30/09/2019,33
01/10/2019,20
02/10/2019,28
03/10/2019,40
04/10/2019,25
05/10/2019,30
06/10/2019,14
07/10/2019,33
08/10/2019,22
09/10/2019,16
10/10/2019,21
11/10/2019,22
12/10/2019,36
13/10/2019,33
14/10/2019,40
15/10/2019,31
16/10/2019,31
17/10/2019,44
18/10/2019,32
19/10/2019,32
20/10/2019,20
21/10/2019,19
22/10/2019,44
23/10/2019,50
24/10/2019,41
25/10/2019,29
26/10/2019,21
27/10/2019,32
28/10/2019,34
29/10/2019,33
30/10/2019,40
31/10/2019,40
01/11/2019,41
02/11/2019,24
03/11/2019,36
04/11/2019,44
05/11/2019,25
06/11/2019,40
07/11/2019,34
08/11/2019,39
09/11/2019,34
10/11/2019,33
11/11/2019,28
12/11/2019,21
13/11/2019,33
14/11/2019,42
15/11/2019,20
16/11/2019,39
17/11/2019,46
18/11/2019,39
19/11/2019,58
20/11/2019,36
21/11/2019,36
22/11/2019,36
23/11/2019,43
24/11/2019,38
25/11/2019,35
26/11/2019,44
27/11/2019,36
28/11/2019,24
29/11/2019,42
30/11/2019,57
01/12/2019,22
02/12/2019,51
03/12/2019,58
04/12/2019,64
05/12/2019,49
06/12/2019,22
07/12/2019,29
08/12/2019,14
09/12/2019,28
10/12/2019,34
11/12/2019,40
12/12/2019,45
13/12/2019,24
14/12/2019,31
15/12/2019,30
16/12/2019,52
17/12/2019,54
18/12/2019,43
19/12/2019,36
20/12/2019,46
21/12/2019,38
22/12/2019,23
23/12/2019,30
24/12/2019,23
25/12/2019,30
26/12/2019,24
27/12/2019,30
28/12/2019,42
29/12/2019,29
30/12/2019,35
31/12/2019,34
01/01/2020,44
02/01/2020,32
03/01/2020,23
04/01/2020,26
05/01/2020,33
06/01/2020,26
07/01/2020,34
08/01/2020,26
09/01/2020,28
10/01/2020,36
11/01/2020,21
12/01/2020,23
13/01/2020,25
14/01/2020,25
15/01/2020,34
16/01/2020,39
17/01/2020,26
18/01/2020,40
19/01/2020,48
20/01/2020,58
21/01/2020,62
22/01/2020,47
23/01/2020,42
24/01/2020,44
25/01/2020,33
26/01/2020,38
27/01/2020,44
28/01/2020,14
29/01/2020,29
30/01/2020,26
31/01/2020,28
01/02/2020,14
02/02/2020,21
03/02/2020,12
04/02/2020,22
05/02/2020,59
06/02/2020,72
07/02/2020,50
08/02/2020,26
09/02/2020,10
10/02/2020,11
11/02/2020,9
12/02/2020,25
13/02/2020,27
14/02/2020,35
15/02/2020,17
16/02/2020,23
17/02/2020,13
18/02/2020,20
19/02/2020,30
20/02/2020,17
21/02/2020,22
22/02/2020,10
23/02/2020,19
24/02/2020,22
25/02/2020,14
26/02/2020,20
27/02/2020,30
28/02/2020,37
29/02/2020,13
01/03/2020,22
02/03/2020,22
03/03/2020,32
04/03/2020,43
05/03/2020,18
06/03/2020,43
07/03/2020,38
08/03/2020,20
09/03/2020,16
10/03/2020,9
11/03/2020,17
12/03/2020,No data
13/03/2020,No data
14/03/2020,27
15/03/2020,23
16/03/2020,31
17/03/2020,25
18/03/2020,21
19/03/2020,23
20/03/2020,11
21/03/2020,13
22/03/2020,15
23/03/2020,28
24/03/2020,37
25/03/2020,39
26/03/2020,23
27/03/2020,14
28/03/2020,5
29/03/2020,2
30/03/2020,7
31/03/2020,14
01/04/2020,28
02/04/2020,12
03/04/2020,22
04/04/2020,20
05/04/2020,19
06/04/2020,16
07/04/2020,29
08/04/2020,36
09/04/2020,36
10/04/2020,30
11/04/2020,30
12/04/2020,20
13/04/2020,5
14/04/2020,12
15/04/2020,27
16/04/2020,36
17/04/2020,16
18/04/2020,15
19/04/2020,11
20/04/2020,10
21/04/2020,13
22/04/2020,15
23/04/2020,21
24/04/2020,23
25/04/2020,No data
26/04/2020,
27/04/2020,No data
28/04/2020,15
29/04/2020,8
30/04/2020,8
01/05/2020,5
02/05/2020,9
03/05/2020,10
04/05/2020,11
05/05/2020,9
06/05/2020,16
07/05/2020,22
08/05/2020,26
09/05/2020,25
10/05/2020,8
11/05/2020,4
12/05/2020,12
13/05/2020,7
14/05/2020,9
15/05/2020,21
16/05/2020,13
17/05/2020,7
18/05/2020,6
19/05/2020,11
20/05/2020,15
21/05/2020,17
22/05/2020,7
23/05/2020,3
24/05/2020,6
25/05/2020,11
26/05/2020,17
27/05/2020,18
28/05/2020,12
29/05/2020,16
30/05/2020,12
31/05/2020,9
01/06/2020,12
02/06/2020,18
03/06/2020,26
04/06/2020,9
05/06/2020,10
06/06/2020,8
07/06/2020,8
08/06/2020,8
09/06/2020,16
10/06/2020,11
11/06/2020,13
12/06/2020,18
13/06/2020,15
14/06/2020,12
15/06/2020,16
16/06/2020,11
17/06/2020,22
18/06/2020,14
19/06/2020,9
20/06/2020,9
21/06/2020,7
22/06/2020,7
23/06/2020,10
24/06/2020,26
25/06/2020,24
26/06/2020,15
27/06/2020,6
28/06/2020,4
29/06/2020,5
30/06/2020,8
01/07/2020,8
02/07/2020,10
03/07/2020,8
04/07/2020,7
05/07/2020,2
06/07/2020,8
07/07/2020,14
08/07/2020,9
09/07/2020,7
10/07/2020,11
11/07/2020,13
12/07/2020,13
13/07/2020,10
14/07/2020,10
15/07/2020,11
16/07/2020,10
17/07/2020,11
18/07/2020,6
19/07/2020,7
20/07/2020,10
21/07/2020,18
22/07/2020,12
23/07/2020,11
24/07/2020,10
25/07/2020,10
26/07/2020,7
27/07/2020,10
28/07/2020,8
29/07/2020,12
30/07/2020,17
31/07/2020,24
01/08/2020,6
02/08/2020,6
03/08/2020,12
04/08/2020,No data
05/08/2020,No data
06/08/2020,13
07/08/2020,37
08/08/2020,19
09/08/2020,9
10/08/2020,18
11/08/2020,33
12/08/2020,37
13/08/2020,15
14/08/2020,13
15/08/2020,13
16/08/2020,18
17/08/2020,17
18/08/2020,11
19/08/2020,14
20/08/2020,11
21/08/2020,6
22/08/2020,6
23/08/2020,4
24/08/2020,9
25/08/2020,7
26/08/2020,9
27/08/2020,17
28/08/2020,11
29/08/2020,5
30/08/2020,7
31/08/2020,21
01/09/2020,31
02/09/2020,26
03/09/2020,10
04/09/2020,9
05/09/2020,12
06/09/2020,16
07/09/2020,15
08/09/2020,8
09/09/2020,13
10/09/2020,21
11/09/2020,23
12/09/2020,10
13/09/2020,15
14/09/2020,34
15/09/2020,44
16/09/2020,17
17/09/2020,13
18/09/2020,16
19/09/2020,11
20/09/2020,10
21/09/2020,36
22/09/2020,28
23/09/2020,13
24/09/2020,20
25/09/2020,13
26/09/2020,9
27/09/2020,6
28/09/2020,19
29/09/2020,24
30/09/2020,19
01/10/2020,17
02/10/2020,22
03/10/2020,16
04/10/2020,14
05/10/2020,12
06/10/2020,9
07/10/2020,17
08/10/2020,18
09/10/2020,23
10/10/2020,11
11/10/2020,15
12/10/2020,29
13/10/2020,21
14/10/2020,17
15/10/2020,16
16/10/2020,25
17/10/2020,20
18/10/2020,30
19/10/2020,26
20/10/2020,22
21/10/2020,24
22/10/2020,22
23/10/2020,24
24/10/2020,14
25/10/2020,22
26/10/2020,21
27/10/2020,21
28/10/2020,17
29/10/2020,17
30/10/2020,16
31/10/2020,14
01/11/2020,10
02/11/2020,7
03/11/2020,16
04/11/2020,42
05/11/2020,51
06/11/2020,51
07/11/2020,45
08/11/2020,33
09/11/2020,32
10/11/2020,36
11/11/2020,24
12/11/2020,16
13/11/2020,28
14/11/2020,19
15/11/2020,9
16/11/2020,13
17/11/2020,15
18/11/2020,13
19/11/2020,23
20/11/2020,34
21/11/2020,14
22/11/2020,22
23/11/2020,37
24/11/2020,23
25/11/2020,30
26/11/2020,44
27/11/2020,47
28/11/2020,48
29/11/2020,41
30/11/2020,21
01/12/2020,35
02/12/2020,40
03/12/2020,41
04/12/2020,30
05/12/2020,26
06/12/2020,27
07/12/2020,39
08/12/2020,41
09/12/2020,31
10/12/2020,19
11/12/2020,38
12/12/2020,19
13/12/2020,24
14/12/2020,24
15/12/2020,35
16/12/2020,36
17/12/2020,30
18/12/2020,16
19/12/2020,20
20/12/2020,25
21/12/2020,22
22/12/2020,30
23/12/2020,24
24/12/2020,8
25/12/2020,11
26/12/2020,12
27/12/2020,19
28/12/2020,31
29/12/2020,20
30/12/2020,29
31/12/2020,21
01/01/2021,21
02/01/2021,18
03/01/2021,11
04/01/2021,10
05/01/2021,10
06/01/2021,19
07/01/2021,28
08/01/2021,35
09/01/2021,28
10/01/2021,21
11/01/2021,12
12/01/2021,27
13/01/2021,32
14/01/2021,27
15/01/2021,35
16/01/2021,21
17/01/2021,19
18/01/2021,26
19/01/2021,8
20/01/2021,10
21/01/2021,16
22/01/2021,28
23/01/2021,27
24/01/2021,31
25/01/2021,29
26/01/2021,39
27/01/2021,30
28/01/2021,17
29/01/2021,15
30/01/2021,19
31/01/2021,22
01/02/2021,26
02/02/2021,No data
03/02/2021,No data
04/02/2021,35
05/02/2021,28
06/02/2021,22
07/02/2021,4
08/02/2021,11
09/02/2021,18
10/02/2021,20
11/02/2021,27
12/02/2021,18
13/02/2021,14
14/02/2021,21
15/02/2021,21
16/02/2021,16
17/02/2021,11
18/02/2021,16
19/02/2021,15
20/02/2021,15
21/02/2021,25
22/02/2021,44
23/02/2021,17
24/02/2021,17
25/02/2021,23
26/02/2021,43
27/02/2021,44
28/02/2021,30
01/03/2021,28
02/03/2021,32
03/03/2021,50
04/03/2021,21
05/03/2021,15
06/03/2021,22
07/03/2021,33
08/03/2021,44
09/03/2021,27
10/03/2021,14
11/03/2021,6
12/03/2021,11
13/03/2021,6
14/03/2021,7
15/03/2021,17
16/03/2021,17
17/03/2021,22
18/03/2021,22
19/03/2021,11
20/03/2021,20
21/03/2021,13
22/03/2021,33
23/03/2021,26
24/03/2021,22
25/03/2021,19
26/03/2021,14
27/03/2021,9
28/03/2021,11
29/03/2021,15
30/03/2021,45
31/03/2021,57
01/04/2021,19
02/04/2021,6
03/04/2021,6
04/04/2021,15
05/04/2021,8
06/04/2021,16
07/04/2021,19
08/04/2021,19
09/04/2021,15
10/04/2021,14
11/04/2021,13
12/04/2021,30
13/04/2021,41
14/04/2021,32
15/04/2021,21
16/04/2021,26
17/04/2021,26
18/04/2021,24
19/04/2021,36
20/04/2021,41
21/04/2021,33
22/04/2021,22
23/04/2021,29
24/04/2021,23
25/04/2021,9
26/04/2021,14
27/04/2021,32
28/04/2021,23
29/04/2021,15
30/04/2021,21
01/05/2021,20
02/05/2021,21
03/05/2021,10
04/05/2021,8
05/05/2021,15
06/05/2021,18
07/05/2021,19
08/05/2021,12
09/05/2021,10
10/05/2021,9
11/05/2021,14
12/05/2021,9
13/05/2021,29
14/05/2021,18
15/05/2021,15
16/05/2021,13
17/05/2021,17
18/05/2021,15
19/05/2021,14
20/05/2021,15
21/05/2021,8
22/05/2021,13
23/05/2021,11
24/05/2021,11
25/05/2021,11
26/05/2021,18
27/05/2021,24
28/05/2021,35
29/05/2021,30
30/05/2021,16
31/05/2021,17
01/06/2021,25
02/06/2021,32
03/06/2021,14
04/06/2021,22
05/06/2021,16
06/06/2021,14
07/06/2021,13
08/06/2021,13
09/06/2021,11
10/06/2021,10
11/06/2021,7
12/06/2021,12
13/06/2021,14
14/06/2021,14
15/06/2021,13
16/06/2021,13
17/06/2021,16
18/06/2021,10
19/06/2021,11
20/06/2021,9
21/06/2021,10
22/06/2021,8
23/06/2021,20
24/06/2021,17
25/06/2021,11
26/06/2021,12
27/06/2021,13
28/06/2021,14
29/06/2021,13
30/06/2021,16
01/07/2021,22
02/07/2021,18
03/07/2021,15
04/07/2021,10
05/07/2021,9
06/07/2021,10
07/07/2021,10
08/07/2021,14
09/07/2021,15
10/07/2021,21
11/07/2021,14
12/07/2021,19
13/07/2021,13
14/07/2021,11
15/07/2021,11
16/07/2021,12
17/07/2021,16
18/07/2021,21
19/07/2021,22
20/07/2021,25
21/07/2021,25
22/07/2021,26
23/07/2021,16
24/07/2021,17
25/07/2021,11
26/07/2021,14
27/07/2021,10
28/07/2021,8
29/07/2021,No data
30/07/2021,No data
31/07/2021,15
01/08/2021,20
02/08/2021,20
03/08/2021,22
04/08/2021,17
05/08/2021,11
06/08/2021,9
07/08/2021,10
08/08/2021,11
09/08/2021,13
10/08/2021,10
11/08/2021,11
12/08/2021,14
13/08/2021,11
14/08/2021,12
15/08/2021,10
16/08/2021,11
17/08/2021,12
18/08/2021,8
19/08/2021,10
20/08/2021,13
21/08/2021,19
22/08/2021,8
23/08/2021,10
24/08/2021,12
25/08/2021,10
26/08/2021,7
27/08/2021,11
28/08/2021,13
29/08/2021,12
30/08/2021,5
31/08/2021,9
01/09/2021,9
02/09/2021,10
03/09/2021,19
04/09/2021,18
05/09/2021,24
06/09/2021,40
07/09/2021,36
08/09/2021,38
09/09/2021,15
10/09/2021,18
11/09/2021,12
12/09/2021,20
13/09/2021,21
14/09/2021,27
15/09/2021,24
16/09/2021,22
17/09/2021,25
18/09/2021,27
19/09/2021,24
20/09/2021,19
21/09/2021,28
22/09/2021,22
23/09/2021,15
24/09/2021,16
25/09/2021,19
26/09/2021,24
27/09/2021,14
28/09/2021,19
29/09/2021,15
30/09/2021,18
01/10/2021,16
02/10/2021,17
03/10/2021,18
04/10/2021,20
05/10/2021,11
06/10/2021,21
07/10/2021,26
08/10/2021,22
09/10/2021,38
10/10/2021,19
11/10/2021,27
12/10/2021,23
13/10/2021,27
14/10/2021,19
15/10/2021,26
16/10/2021,38
17/10/2021,36
18/10/2021,29
19/10/2021,13
20/10/2021,17
21/10/2021,20
22/10/2021,16
23/10/2021,33
24/10/2021,21
25/10/2021,30
26/10/2021,24
27/10/2021,14
28/10/2021,22
29/10/2021,24
30/10/2021,24
31/10/2021,18
01/11/2021,23
02/11/2021,35
03/11/2021,26
04/11/2021,22
05/11/2021,33
06/11/2021,15
07/11/2021,14
08/11/2021,36
09/11/2021,30
10/11/2021,35
11/11/2021,36
12/11/2021,27
13/11/2021,20
14/11/2021,17
15/11/2021,36
16/11/2021,44
17/11/2021,31
18/11/2021,28
19/11/2021,22
20/11/2021,19
21/11/2021,10
22/11/2021,21
23/11/2021,40
24/11/2021,42
25/11/2021,33
26/11/2021,17
27/11/2021,8
28/11/2021,19
29/11/2021,31
30/11/2021,15
01/12/2021,13
02/12/2021,31
03/12/2021,37
04/12/2021,17
05/12/2021,10
06/12/2021,27
07/12/2021,32
08/12/2021,14
09/12/2021,29
10/12/2021,17
11/12/2021,37
12/12/2021,29
13/12/2021,27
14/12/2021,34
15/12/2021,30
16/12/2021,34
17/12/2021,28
18/12/2021,23
19/12/2021,20
20/12/2021,29
21/12/2021,41
22/12/2021,44
23/12/2021,30
24/12/2021,34
25/12/2021,18
26/12/2021,31
27/12/2021,23
28/12/2021,10
29/12/2021,20
30/12/2021,17
31/12/2021,19
01/01/2022,16
02/01/2022,14
03/01/2022,28
04/01/2022,22
05/01/2022,26
06/01/2022,37
07/01/2022,18
08/01/2022,21
09/01/2022,34
10/01/2022,48
11/01/2022,29
12/01/2022,43
13/01/2022,54
14/01/2022,60
15/01/2022,50
16/01/2022,33
17/01/2022,41
18/01/2022,53
19/01/2022,29
20/01/2022,30
21/01/2022,40
22/01/2022,32
23/01/2022,30
24/01/2022,30
25/01/2022,30
26/01/2022,31
27/01/2022,30
28/01/2022,41
29/01/2022,15
30/01/2022,27
31/01/2022,16
01/02/2022,13
02/02/2022,25
03/02/2022,21
04/02/2022,16
05/02/2022,15
06/02/2022,6
07/02/2022,21
08/02/2022,18
09/02/2022,23
10/02/2022,21
11/02/2022,36
12/02/2022,22
13/02/2022,17
14/02/2022,14
15/02/2022,26
16/02/2022,7
17/02/2022,14
18/02/2022,10
19/02/2022,18
20/02/2022,11
21/02/2022,12
22/02/2022,21
23/02/2022,24
24/02/2022,11
25/02/2022,29
26/02/2022,34
27/02/2022,21
28/02/2022,31
01/03/2022,21
02/03/2022,35
03/03/2022,40
04/03/2022,26
05/03/2022,12
06/03/2022,9
07/03/2022,19
08/03/2022,25
09/03/2022,23
10/03/2022,26
11/03/2022,15
12/03/2022,13
13/03/2022,22
14/03/2022,37
15/03/2022,36
16/03/2022,28
17/03/2022,26
18/03/2022,29
19/03/2022,19
20/03/2022,28
21/03/2022,43
22/03/2022,51
23/03/2022,53
24/03/2022,65
25/03/2022,48
26/03/2022,26
27/03/2022,24
28/03/2022,48
29/03/2022,24
30/03/2022,15
31/03/2022,9
01/04/2022,11
02/04/2022,25
03/04/2022,27
04/04/2022,11
05/04/2022,9
06/04/2022,14
07/04/2022,8
08/04/2022,25
09/04/2022,23
10/04/2022,26
11/04/2022,20
12/04/2022,34
13/04/2022,25
14/04/2022,26
15/04/2022,37
16/04/2022,30
17/04/2022,35
18/04/2022,18
19/04/2022,22
20/04/2022,16
21/04/2022,23
22/04/2022,17
23/04/2022,15
24/04/2022,14
25/04/2022,21
26/04/2022,22
27/04/2022,22
28/04/2022,30
29/04/2022,28
30/04/2022,36
01/05/2022,25
02/05/2022,38
03/05/2022,37
04/05/2022,31
05/05/2022,43
06/05/2022,22
07/05/2022,13
08/05/2022,14
09/05/2022,23
10/05/2022,18
11/05/2022,15
12/05/2022,14
13/05/2022,10
14/05/2022,24
15/05/2022,30
16/05/2022,24
17/05/2022,21
18/05/2022,15
19/05/2022,16
20/05/2022,17
21/05/2022,13
22/05/2022,22
23/05/2022,20
24/05/2022,13
25/05/2022,13
26/05/2022,9
27/05/2022,10
28/05/2022,11
29/05/2022,11
30/05/2022,32
31/05/2022,21
01/06/2022,21
02/06/2022,25
03/06/2022,18
04/06/2022,9
05/06/2022,14
06/06/2022,22
07/06/2022,22
08/06/2022,10
09/06/2022,15
10/06/2022,15
11/06/2022,10
12/06/2022,9
13/06/2022,17
14/06/2022,20
15/06/2022,26
16/06/2022,27
17/06/2022,30
18/06/2022,14
19/06/2022,9
20/06/2022,10
21/06/2022,22
22/06/2022,23
23/06/2022,28
24/06/2022,19
25/06/2022,16
26/06/2022,18
27/06/2022,17
28/06/2022,18
29/06/2022,21
30/06/2022,17
01/07/2022,16
02/07/2022,12
03/07/2022,11
04/07/2022,14
05/07/2022,16
06/07/2022,12
07/07/2022,13
08/07/2022,15
09/07/2022,11
10/07/2022,17
11/07/2022,25
12/07/2022,27
13/07/2022,16
14/07/2022,12
15/07/2022,14
16/07/2022,17
17/07/2022,19
18/07/2022,43
19/07/2022,36
20/07/2022,12
21/07/2022,17
22/07/2022,13
23/07/2022,15
24/07/2022,12
25/07/2022,9
26/07/2022,12
27/07/2022,15
28/07/2022,14
29/07/2022,17
30/07/2022,14
31/07/2022,9
01/08/2022,19
02/08/2022,14
03/08/2022,13
04/08/2022,9
05/08/2022,9
06/08/2022,16
07/08/2022,22
08/08/2022,13
09/08/2022,17
10/08/2022,19
11/08/2022,22
12/08/2022,22
13/08/2022,18
14/08/2022,23
15/08/2022,21
16/08/2022,24
17/08/2022,17
18/08/2022,18
19/08/2022,9
20/08/2022,18
21/08/2022,18
22/08/2022,18
23/08/2022,12
24/08/2022,17
25/08/2022,21
26/08/2022,24
27/08/2022,21
28/08/2022,14
29/08/2022,10
30/08/2022,11
31/08/2022,11
01/09/2022,19
02/09/2022,26
03/09/2022,31
04/09/2022,19
05/09/2022,23
06/09/2022,29
07/09/2022,24
08/09/2022,No data
09/09/2022,16
10/09/2022,20
11/09/2022,26
12/09/2022,34
13/09/2022,25
14/09/2022,17
15/09/2022,20
16/09/2022,22
17/09/2022,23
18/09/2022,17
19/09/2022,19
20/09/2022,31
21/09/2022,36
22/09/2022,29
23/09/2022,20
24/09/2022,14
25/09/2022,14
26/09/2022,10
27/09/2022,16
28/09/2022,28
29/09/2022,30
30/09/2022,27
01/10/2022,16
02/10/2022,18
03/10/2022,32
04/10/2022,25
05/10/2022,12
06/10/2022,25
07/10/2022,17
08/10/2022,20
09/10/2022,32
10/10/2022,28
11/10/2022,40
12/10/2022,33
13/10/2022,34
14/10/2022,37
15/10/2022,27
16/10/2022,19
17/10/2022,30
18/10/2022,32
19/10/2022,26
20/10/2022,35
21/10/2022,30
22/10/2022,26
23/10/2022,25
24/10/2022,26
25/10/2022,14
26/10/2022,11
27/10/2022,19
28/10/2022,33
29/10/2022,28
30/10/2022,30
31/10/2022,24
01/11/2022,19
02/11/2022,20
03/11/2022,30
04/11/2022,30
05/11/2022,33
06/11/2022,31
07/11/2022,25
08/11/2022,21
09/11/2022,24
10/11/2022,26
11/11/2022,25
12/11/2022,25
13/11/2022,23
14/11/2022,31
15/11/2022,29
16/11/2022,28
17/11/2022,12
18/11/2022,12
19/11/2022,26
20/11/2022,23
21/11/2022,24
22/11/2022,25
23/11/2022,27
24/11/2022,33
25/11/2022,28
26/11/2022,28
27/11/2022,38
28/11/2022,44
29/11/2022,31
30/11/2022,40
01/12/2022,31
02/12/2022,19
03/12/2022,13
04/12/2022,15
05/12/2022,17
06/12/2022,24
07/12/2022,38
08/12/2022,45
09/12/2022,43
10/12/2022,44
11/12/2022,48
12/12/2022,32
13/12/2022,48
14/12/2022,31
15/12/2022,50
16/12/2022,52
17/12/2022,59
18/12/2022,27
19/12/2022,20
20/12/2022,34
21/12/2022,44
22/12/2022,31
23/12/2022,27
24/12/2022,36
25/12/2022,25
26/12/2022,14
27/12/2022,24
28/12/2022,18
29/12/2022,19
30/12/2022,21
31/12/2022,16
01/01/2023,21
02/01/2023,32
03/01/2023,31
04/01/2023,9
05/01/2023,23
06/01/2023,28
07/01/2023,19
08/01/2023,28
09/01/2023,14
10/01/2023,22
11/01/2023,15
12/01/2023,14
13/01/2023,15
14/01/2023,9
15/01/2023,21
16/01/2023,26
17/01/2023,53
18/01/2023,29
19/01/2023,41
20/01/2023,28
21/01/2023,43
22/01/2023,66
23/01/2023,62
24/01/2023,42
25/01/2023,39
26/01/2023,16
27/01/2023,26
28/01/2023,35
29/01/2023,25
30/01/2023,32
31/01/2023,18
01/02/2023,13
02/02/2023,14
03/02/2023,15
04/02/2023,21
05/02/2023,24
06/02/2023,55
07/02/2023,70
08/02/2023,61
09/02/2023,49
10/02/2023,37
11/02/2023,25
12/02/2023,30
13/02/2023,33
14/02/2023,66
15/02/2023,47
16/02/2023,26
17/02/2023,14
18/02/2023,8
19/02/2023,15
20/02/2023,17
21/02/2023,23
22/02/2023,29
23/02/2023,19
24/02/2023,27
25/02/2023,10
26/02/2023,17
27/02/2023,19
28/02/2023,17
01/03/2023,17
02/03/2023,18
03/03/2023,18
04/03/2023,18
05/03/2023,27
06/03/2023,27
07/03/2023,36
08/03/2023,39
09/03/2023,36
10/03/2023,26
11/03/2023,28
12/03/2023,21
13/03/2023,18
14/03/2023,11
15/03/2023,34
16/03/2023,28
17/03/2023,32
18/03/2023,26
19/03/2023,20
20/03/2023,27
21/03/2023,19
22/03/2023,17
23/03/2023,18
24/03/2023,19
25/03/2023,12
26/03/2023,12
27/03/2023,26
28/03/2023,33
29/03/2023,27
30/03/2023,20
31/03/2023,13
01/04/2023,11
02/04/2023,9
03/04/2023,27
04/04/2023,35
05/04/2023,28
06/04/2023,18
07/04/2023,23
08/04/2023,26
09/04/2023,27
10/04/2023,12
11/04/2023,17
12/04/2023,16
13/04/2023,15
14/04/2023,21
15/04/2023,16
16/04/2023,28
17/04/2023,27
18/04/2023,14
19/04/2023,16
20/04/2023,14
21/04/2023,25
22/04/2023,35
23/04/2023,17
24/04/2023,14
25/04/2023,18
26/04/2023,23
27/04/2023,23
28/04/2023,16
29/04/2023,28
30/04/2023,24
01/05/2023,15
02/05/2023,16
03/05/2023,23
04/05/2023,27
05/05/2023,18
06/05/2023,19
07/05/2023,15
08/05/2023,24
09/05/2023,17
10/05/2023,15
11/05/2023,18
12/05/2023,9
13/05/2023,8
14/05/2023,15
15/05/2023,14
16/05/2023,20
17/05/2023,21
18/05/2023,23
19/05/2023,20
20/05/2023,11
21/05/2023,8
22/05/2023,11
23/05/2023,17
24/05/2023,18
25/05/2023,17
26/05/2023,15
27/05/2023,19
28/05/2023,15
29/05/2023,8
30/05/2023,8
31/05/2023,8
01/06/2023,8
02/06/2023,8
03/06/2023,10
04/06/2023,10
05/06/2023,9
06/06/2023,9
07/06/2023,13
08/06/2023,12
09/06/2023,12
10/06/2023,15
11/06/2023,32
12/06/2023,34
13/06/2023,17
14/06/2023,16
15/06/2023,16
16/06/2023,20
17/06/2023,30
18/06/2023,27
19/06/2023,18
20/06/2023,22
21/06/2023,17
22/06/2023,16
23/06/2023,19
24/06/2023,18
25/06/2023,17
26/06/2023,8
27/06/2023,14
28/06/2023,13
29/06/2023,13
30/06/2023,20
01/07/2023,6
02/07/2023,7
03/07/2023,8
04/07/2023,17
05/07/2023,10
06/07/2023,19
07/07/2023,21
08/07/2023,24
09/07/2023,18
10/07/2023,16
11/07/2023,15
12/07/2023,9
13/07/2023,16
14/07/2023,18
15/07/2023,15
16/07/2023,12
17/07/2023,12
18/07/2023,21
19/07/2023,11
20/07/2023,13
21/07/2023,14
22/07/2023,18
23/07/2023,15
24/07/2023,10
25/07/2023,13
26/07/2023,26
27/07/2023,16
28/07/2023,13
29/07/2023,10
30/07/2023,14
31/07/2023,13
01/08/2023,12
02/08/2023,15
03/08/2023,10
04/08/2023,12
05/08/2023,13
06/08/2023,11
07/08/2023,9
08/08/2023,21
09/08/2023,18
10/08/2023,19
11/08/2023,18
12/08/2023,18
13/08/2023,17
14/08/2023,23
15/08/2023,17
16/08/2023,18
17/08/2023,13
18/08/2023,15
19/08/2023,17
20/08/2023,18
21/08/2023,12
22/08/2023,12
23/08/2023,21
24/08/2023,35
25/08/2023,14
26/08/2023,13
27/08/2023,9
28/08/2023,14
29/08/2023,19
30/08/2023,13
31/08/2023,22
01/09/2023,22
02/09/2023,13
03/09/2023,17
04/09/2023,23
05/09/2023,26
06/09/2023,40
07/09/2023,33
08/09/2023,53
09/09/2023,46
10/09/2023,36
11/09/2023,18
12/09/2023,13
13/09/2023,17
14/09/2023,27
15/09/2023,30
16/09/2023,21
17/09/2023,13
18/09/2023,15
19/09/2023,17
20/09/2023,20
21/09/2023,26
22/09/2023,15
23/09/2023,20
24/09/2023,23
25/09/2023,22
26/09/2023,25
27/09/2023,23
28/09/2023,23
29/09/2023,10
30/09/2023,23
01/10/2023,26
02/10/2023,21
03/10/2023,9
04/10/2023,19
05/10/2023,22
06/10/2023,20
07/10/2023,27
08/10/2023,36
09/10/2023,39
10/10/2023,33
11/10/2023,28
12/10/2023,20
13/10/2023,17
14/10/2023,14
15/10/2023,20
16/10/2023,29
17/10/2023,17
18/10/2023,23
19/10/2023,17
20/10/2023,31
21/10/2023,18
22/10/2023,28
23/10/2023,26
24/10/2023,35
25/10/2023,33
26/10/2023,34
27/10/2023,41
28/10/2023,26
29/10/2023,34
30/10/2023,35
31/10/2023,39
01/11/2023,24
02/11/2023,11
03/11/2023,19
04/11/2023,32
05/11/2023,19
06/11/2023,25
07/11/2023,25
08/11/2023,26
09/11/2023,28
10/11/2023,25
11/11/2023,30
12/11/2023,40
13/11/2023,11
14/11/2023,20
15/11/2023,18
16/11/2023,43
17/11/2023,40
18/11/2023,27
19/11/2023,11
20/11/2023,18
21/11/2023,13
22/11/2023,28
23/11/2023,13
24/11/2023,18
25/11/2023,35
26/11/2023,48
27/11/2023,14
28/11/2023,29
29/11/2023,56
30/11/2023,51
01/12/2023,40
02/12/2023,39
03/12/2023,35
04/12/2023,22
05/12/2023,26
06/12/2023,47
07/12/2023,18
08/12/2023,42
09/12/2023,10
10/12/2023,24
11/12/2023,31
12/12/2023,41
13/12/2023,15
14/12/2023,39
15/12/2023,43
16/12/2023,21
17/12/2023,21
18/12/2023,29
19/12/2023,21
20/12/2023,11
21/12/2023,6
22/12/2023,7
23/12/2023,8
24/12/2023,5
25/12/2023,11
26/12/2023,22
27/12/2023,23
28/12/2023,19
29/12/2023,12
30/12/2023,24
31/12/2023,17
01/01/2024,25
,
,
,
End,
